fuel,pj_2023,share,base_year
Gas natural,47.3,0.9347826086956521,2023
Diesel,2.1,0.041501976284584984,2023
Combustoleo,1.2,0.023715415019762844,2023
